{
  "Basler-24795855": {
    "rotation": [
      [
        -0.7586613232808764,
        0.05778035307332199,
        0.6489178895333613
      ],
      [
        0.017763455426639728,
        0.9975235572397735,
        -0.06805301171156036
      ],
      [
        -0.6512430085682418,
        -0.040102163912066384,
        -0.7578089206657272
      ]
    ],
    "translation": [
      -0.2592640866323215,
      -0.006822610636567855,
      0.8779301988442854
    ]
  },
  "Basler-24795856": {
    "rotation": [
      [
        1.0,
        0.0,
        0.0
      ],
      [
        0.0,
        1.0,
        0.0
      ],
      [
        0.0,
        0.0,
        1.0
      ]
    ],
    "translation": [
      -0.0011746352241525496,
      0.0019605945350290796,
      0.04881820389114103
    ]
  },
  "Basler-24795861": {
    "rotation": [
      [
        -0.502924009938744,
        -0.0728169613047749,
        0.8612578768136018
      ],
      [
        -0.12827630213051675,
        0.9916981776906709,
        0.008939500921383521
      ],
      [
        -0.8547588142504613,
        -0.10598308596819564,
        -0.5080895147016946
      ]
    ],
    "translation": [
      -0.34867659348450747,
      0.01904068861502629,
      0.895701306932526
    ]
  },
  "Basler-24795862": {
    "rotation": [
      [
        0.9718098234091693,
        -0.012029342046438761,
        0.23545904538872342
      ],
      [
        0.015511132015400737,
        0.9997959519185934,
        -0.012940607048920059
      ],
      [
        -0.23525533343378202,
        0.016228045388263175,
        0.9717981161917513
      ]
    ],
    "translation": [
      -0.06755648343065931,
      0.0028799264801873067,
      0.104566185169944
    ]
  }
}