{
  "Basler-24795855": {
    "camera_matrix": [
      [
        4670.030561492133,
        0.0,
        809.6074815884131
      ],
      [
        0.0,
        4659.375036124655,
        548.4687049140884
      ],
      [
        0.0,
        0.0,
        1.0
      ]
    ],
    "dist_coeffs": [
      [
        0.02912534989793351
      ],
      [
        -3.2401588061476625
      ],
      [
        0.004969823680576417
      ],
      [
        0.00782043820501367
      ],
      [
        0.0
      ]
    ],
    "image_size": [
      1200,
      850
    ]
  },
  "Basler-24795856": {
    "camera_matrix": [
      [
        4681.048447177593,
        0.0,
        743.4418238443976
      ],
      [
        0.0,
        4689.133863872801,
        308.8862348432177
      ],
      [
        0.0,
        0.0,
        1.0
      ]
    ],
    "dist_coeffs": [
      [
        -0.004974604886569544
      ],
      [
        -3.4583887693275064
      ],
      [
        -0.004339888009574566
      ],
      [
        0.005090959297226864
      ],
      [
        0.0
      ]
    ],
    "image_size": [
      1200,
      1000
    ]
  },
  "Basler-24795861": {
    "camera_matrix": [
      [
        4754.672626217981,
        0.0,
        792.5756305903404
      ],
      [
        0.0,
        4751.497060403068,
        154.7739997032953
      ],
      [
        0.0,
        0.0,
        1.0
      ]
    ],
    "dist_coeffs": [
      [
        -0.22011631442872484
      ],
      [
        1.5045803857663511
      ],
      [
        -0.008601206467235976
      ],
      [
        -0.0020369470349433016
      ],
      [
        0.0
      ]
    ],
    "image_size": [
      1200,
      850
    ]
  },
  "Basler-24795862": {
    "camera_matrix": [
      [
        4680.489793052224,
        0.0,
        716.0044719197829
      ],
      [
        0.0,
        4682.270192374205,
        391.37140325273646
      ],
      [
        0.0,
        0.0,
        1.0
      ]
    ],
    "dist_coeffs": [
      [
        -0.2285724088050045
      ],
      [
        3.2315342368283106
      ],
      [
        -0.0054543381616507635
      ],
      [
        0.0010310767734429546
      ],
      [
        0.0
      ]
    ],
    "image_size": [
      1200,
      1000
    ]
  }
}